#Nick,DateTime,Longitude,Latitude,Altitude,Speed,Direction,Type,GPS level,Battery level, Cell signal level
# Where Type=0: regular record, Type=1: cached record, Type=2: cell tower location
Bacchus V,2010-04-07 01:57:18,-122.25923,37.87758,193,0,N,0
Bacchus V,2010-04-07 01:58:24,-122.25923,37.87778,354,0,N,0
Bacchus V,2010-04-07 01:59:30,-122.25929,37.87773,331,0,N,0
Bacchus V,2010-04-07 02:00:36,-122.25927,37.87777,328,0,N,0
Bacchus V,2010-04-07 02:01:42,-122.25927,37.87777,278,0,S,0
Bacchus V,2010-04-07 02:02:49,-122.25923,37.87778,321,0,N,0
Bacchus V,2010-04-07 02:03:55,-122.25929,37.87779,357,0,N,0
Bacchus V,2010-04-07 02:05:01,-122.259,37.87781,311,0,N,0
Bacchus V,2010-04-07 02:06:06,-122.25938,37.8777,223,2,W,0
Bacchus V,2010-04-07 02:07:12,-122.25927,37.87764,229,0,N,0
Bacchus V,2010-04-07 02:08:17,-122.25921,37.87771,390,0,N,0
Bacchus V,2010-04-07 02:09:24,-122.25927,37.8777,337,0,N,0
Bacchus V,2010-04-07 02:10:30,-122.25921,37.87774,387,0,N,0
Bacchus V,2010-04-07 02:11:36,-122.25933,37.87783,367,1,N,0
Bacchus V,2010-04-07 02:12:45,-122.25933,37.87812,436,0,N,0
Bacchus V,2010-04-07 02:13:50,-122.25913,37.87759,305,0,N,0
Bacchus V,2010-04-07 02:14:56,-122.25916,37.87768,305,3,N,0
Bacchus V,2010-04-07 02:16:03,-122.25927,37.87779,314,0,N,0
Bacchus V,2010-04-07 02:17:09,-122.25923,37.87771,308,0,N,0
Bacchus V,2010-04-07 02:18:15,-122.25918,37.87768,341,0,N,0
Bacchus V,2010-04-07 02:19:21,-122.25916,37.87773,341,1,N,0
Bacchus V,2010-04-07 02:20:27,-122.25923,37.8777,350,0,N,0
Bacchus V,2010-04-07 02:21:33,-122.25918,37.87775,328,0,N,0
Bacchus V,2010-04-07 02:22:39,-122.25924,37.87766,406,0,N,0
Bacchus V,2010-04-07 02:23:47,-122.25957,37.87797,354,4,NW,0
Bacchus V,2010-04-07 02:24:53,-122.25933,37.87785,364,0,N,0
Bacchus V,2010-04-07 02:26:17,-122.25862,37.87744,393,0,N,0
Bacchus V,2010-04-07 02:27:22,-122.25921,37.87789,380,0,N,0
Bacchus V,2010-04-07 02:28:28,-122.25923,37.87767,321,5,SE,0
Bacchus V,2010-04-07 02:29:34,-122.25934,37.87789,344,3,NW,0
Bacchus V,2010-04-07 02:30:40,-122.25929,37.87774,314,3,S,0
Bacchus V,2010-04-07 02:31:52,-122.25923,37.87777,344,0,N,0
Bacchus V,2010-04-07 02:32:57,-122.25916,37.87787,387,3,N,0
Bacchus V,2010-04-07 02:34:04,-122.25923,37.87775,350,0,N,0
Bacchus V,2010-04-07 02:35:10,-122.25921,37.87783,396,0,N,0
Bacchus V,2010-04-07 02:36:36,-122.25916,37.87797,410,0,N,0
Bacchus V,2010-04-07 02:37:42,-122.25924,37.87781,364,0,N,0
Bacchus V,2010-04-07 02:38:47,-122.25924,37.87765,324,1,S,0
Bacchus V,2010-04-07 02:39:53,-122.25929,37.87772,334,0,N,0
Bacchus V,2010-04-07 02:41:00,-122.25923,37.87773,331,0,N,0
Bacchus V,2010-04-07 02:42:05,-122.25923,37.87774,321,1,N,0
Bacchus V,2010-04-07 02:43:10,-122.25921,37.8777,383,0,N,0
Bacchus V,2010-04-07 02:44:17,-122.25927,37.87771,324,0,N,0
Bacchus V,2010-04-07 02:45:23,-122.25921,37.87774,364,1,S,0
Bacchus V,2010-04-07 02:46:39,-122.25934,37.87767,396,0,N,0
Bacchus V,2010-04-07 02:47:45,-122.25931,37.87759,324,0,N,0
Bacchus V,2010-04-07 02:48:51,-122.25927,37.87785,337,0,N,0
Bacchus V,2010-04-07 02:49:57,-122.25927,37.87781,305,0,N,0
Bacchus V,2010-04-07 02:51:03,-122.25924,37.87786,341,0,N,0
Bacchus V,2010-04-07 02:52:09,-122.25916,37.87778,321,0,N,0
Bacchus V,2010-04-07 02:53:15,-122.25918,37.87783,259,0,N,0
Bacchus V,2010-04-07 02:54:21,-122.25924,37.87782,318,0,N,0
Bacchus V,2010-04-07 02:55:27,-122.25921,37.8778,324,0,N,0
Bacchus V,2010-04-07 02:56:33,-122.25929,37.87774,337,0,N,0
Bacchus V,2010-04-07 02:57:39,-122.25924,37.87768,324,0,N,0
Bacchus V,2010-04-07 02:58:44,-122.25918,37.87768,347,0,N,0
Bacchus V,2010-04-07 02:59:50,-122.25921,37.87774,314,0,N,0
Bacchus V,2010-04-07 03:00:56,-122.25924,37.8778,314,0,N,0
Bacchus V,2010-04-07 03:02:02,-122.25931,37.87777,393,0,N,0
Bacchus V,2010-04-07 03:03:08,-122.25927,37.87775,337,0,N,0
Bacchus V,2010-04-07 03:04:14,-122.25924,37.87777,331,0,N,0
Bacchus V,2010-04-07 03:05:20,-122.25923,37.87771,321,0,N,0
Bacchus V,2010-04-07 03:06:19,-122.25923,37.87771,321,0,N,1
Bacchus V,2010-04-07 03:07:26,-122.25927,37.87772,318,0,N,0
Bacchus V,2010-04-07 03:08:46,-122.25923,37.87774,301,0,N,0
Bacchus V,2010-04-07 03:09:52,-122.25933,37.87783,357,0,N,0
Bacchus V,2010-04-07 03:11:18,-122.25923,37.8778,400,0,N,0
Bacchus V,2010-04-07 03:12:25,-122.25921,37.87777,314,0,N,0
Bacchus V,2010-04-07 03:13:30,-122.25923,37.87772,295,0,N,0
Bacchus V,2010-04-07 03:14:36,-122.25921,37.87767,282,0,N,0
Bacchus V,2010-04-07 03:15:42,-122.25934,37.87786,367,0,N,0
Bacchus V,2010-04-07 03:16:48,-122.25933,37.87783,350,0,N,0
Bacchus V,2010-04-07 03:17:54,-122.25923,37.87774,328,0,N,0
Bacchus V,2010-04-07 03:19:00,-122.25921,37.87773,301,0,N,0
Bacchus V,2010-04-07 03:20:06,-122.25921,37.87772,311,0,N,0
Bacchus V,2010-04-07 03:21:12,-122.25923,37.87778,291,0,N,0
Bacchus V,2010-04-07 03:22:18,-122.25927,37.87778,324,0,N,0
Bacchus V,2010-04-07 03:23:24,-122.25924,37.87775,341,0,N,0
Bacchus V,2010-04-07 03:24:30,-122.25923,37.8778,291,0,N,0
Bacchus V,2010-04-07 03:25:37,-122.25924,37.87772,360,0,N,0
Bacchus V,2010-04-07 03:26:43,-122.25918,37.87772,328,0,N,0
Bacchus V,2010-04-07 03:27:49,-122.25929,37.87774,373,0,N,0
Bacchus V,2010-04-07 03:28:55,-122.25923,37.87779,314,0,SW,0
Bacchus V,2010-04-07 03:30:04,-122.25924,37.87779,301,1,NE,0
Bacchus V,2010-04-07 03:31:12,-122.25924,37.87779,328,4,SE,0
Bacchus V,2010-04-07 03:32:19,-122.25938,37.87787,282,0,N,0
Bacchus V,2010-04-07 03:33:26,-122.25931,37.87771,245,0,N,0
Bacchus V,2010-04-07 03:34:32,-122.25931,37.87783,295,4,NE,0
Bacchus V,2010-04-07 03:35:39,-122.25927,37.87778,282,0,N,0
Bacchus V,2010-04-07 03:36:45,-122.25923,37.87777,324,0,NE,0
Bacchus V,2010-04-07 03:37:52,-122.25924,37.87774,328,0,N,0
Bacchus V,2010-04-07 03:38:57,-122.25929,37.87762,341,0,N,0
Bacchus V,2010-04-07 03:40:04,-122.25931,37.8777,360,0,N,0
Bacchus V,2010-04-07 03:41:09,-122.25931,37.87774,357,0,N,0
Bacchus V,2010-04-07 03:42:16,-122.25931,37.87758,357,0,N,0
Bacchus V,2010-04-07 03:43:22,-122.25931,37.87765,373,0,N,0
Bacchus V,2010-04-07 03:44:28,-122.25923,37.87768,324,0,N,0
Bacchus V,2010-04-07 03:45:34,-122.25921,37.87778,282,0,N,0
Bacchus V,2010-04-07 03:46:40,-122.25923,37.8777,245,0,N,0
Bacchus V,2010-04-07 03:47:45,-122.25924,37.87769,364,0,N,0
Bacchus V,2010-04-07 03:48:51,-122.25927,37.87773,321,0,N,0
Bacchus V,2010-04-07 03:49:57,-122.25933,37.87766,334,0,N,0
Bacchus V,2010-04-07 03:51:03,-122.25931,37.87773,337,0,N,0
Bacchus V,2010-04-07 03:52:09,-122.25929,37.87769,350,0,N,0
Bacchus V,2010-04-07 03:53:15,-122.25924,37.87772,341,0,N,0
Bacchus V,2010-04-07 03:54:21,-122.25924,37.8777,298,0,N,0
Bacchus V,2010-04-07 03:55:28,-122.25927,37.87775,268,0,N,0
Bacchus V,2010-04-07 03:56:34,-122.25923,37.87772,291,0,N,0
Bacchus V,2010-04-07 03:57:40,-122.25924,37.8777,314,0,N,0
Bacchus V,2010-04-07 03:58:46,-122.25923,37.87778,328,0,N,0
Bacchus V,2010-04-07 03:59:52,-122.25927,37.87771,331,0,N,0
Bacchus V,2010-04-07 04:00:58,-122.25923,37.87778,334,0,N,0
Bacchus V,2010-04-07 04:02:04,-122.25923,37.87778,334,0,N,0
Bacchus V,2010-04-07 04:03:10,-122.25924,37.87774,334,0,N,0
Bacchus V,2010-04-07 04:04:16,-122.25929,37.87771,373,0,N,0
Bacchus V,2010-04-07 04:05:24,-122.25927,37.87775,308,0,N,0
Bacchus V,2010-04-07 04:06:38,-122.25929,37.87769,295,0,N,0
Bacchus V,2010-04-07 04:07:45,-122.25931,37.87765,357,0,N,0
Bacchus V,2010-04-07 04:08:52,-122.25927,37.87773,328,0,N,0
Bacchus V,2010-04-07 04:10:08,-122.25923,37.87777,321,0,N,0
Bacchus V,2010-04-07 04:11:20,-122.25923,37.87778,334,0,N,0
Bacchus V,2010-04-07 04:12:26,-122.25933,37.87768,334,3,SW,0
Bacchus V,2010-04-07 04:13:32,-122.25927,37.87768,337,0,N,0
Bacchus V,2010-04-07 04:14:38,-122.25927,37.8777,337,0,N,0
Bacchus V,2010-04-07 04:15:44,-122.25927,37.8777,291,0,N,0
Bacchus V,2010-04-07 04:16:50,-122.25931,37.87765,324,0,N,0
Bacchus V,2010-04-07 04:17:56,-122.25929,37.87774,311,0,N,0
Bacchus V,2010-04-07 04:19:02,-122.25929,37.87766,288,0,N,0
Bacchus V,2010-04-07 04:20:07,-122.25924,37.8777,350,0,N,0
Bacchus V,2010-04-07 04:21:13,-122.25923,37.87779,383,0,N,0
Bacchus V,2010-04-07 04:22:19,-122.25931,37.87771,331,0,N,0
Bacchus V,2010-04-07 04:23:25,-122.25924,37.87775,347,0,N,0
Bacchus V,2010-04-07 04:24:31,-122.25923,37.87767,383,0,N,0
Bacchus V,2010-04-07 04:25:38,-122.25927,37.87762,285,0,N,0
Bacchus V,2010-04-07 04:26:44,-122.25931,37.87765,324,0,N,0
Bacchus V,2010-04-07 04:27:50,-122.25931,37.87777,318,0,N,0
Bacchus V,2010-04-07 04:28:56,-122.25923,37.87781,360,0,N,0
Bacchus V,2010-04-07 04:30:05,-122.25923,37.87777,360,0,N,0
Bacchus V,2010-04-07 04:31:13,-122.25929,37.87774,347,0,N,0
Bacchus V,2010-04-07 04:32:19,-122.25918,37.87798,410,0,N,0
Bacchus V,2010-04-07 04:33:25,-122.25923,37.87778,341,0,N,0
Bacchus V,2010-04-07 04:34:31,-122.25923,37.87786,354,0,N,0
Bacchus V,2010-04-07 04:35:38,-122.25923,37.8778,373,0,N,0
Bacchus V,2010-04-07 04:36:43,-122.25931,37.87777,331,0,NW,0
Bacchus V,2010-04-07 04:37:49,-122.25927,37.87767,350,0,N,0
Bacchus V,2010-04-07 04:38:55,-122.25923,37.87766,354,0,N,0
Bacchus V,2010-04-07 04:40:00,-122.25931,37.87781,357,0,N,0
Bacchus V,2010-04-07 04:41:07,-122.25924,37.87777,321,0,N,0
Bacchus V,2010-04-07 04:42:12,-122.25924,37.87778,328,0,N,0
Bacchus V,2010-04-07 04:43:19,-122.25931,37.87779,324,0,N,0
Bacchus V,2010-04-07 04:44:25,-122.25929,37.87771,328,0,N,0
Bacchus V,2010-04-07 04:45:30,-122.25927,37.87771,321,0,N,0
Bacchus V,2010-04-07 04:46:37,-122.25924,37.87781,295,0,N,0
Bacchus V,2010-04-07 04:47:43,-122.25929,37.87779,436,0,N,0
Bacchus V,2010-04-07 04:48:48,-122.25921,37.8777,423,0,S,0
Bacchus V,2010-04-07 04:49:55,-122.25923,37.8778,442,0,N,0
Bacchus V,2010-04-07 04:51:01,-122.25927,37.87768,305,0,N,0
Bacchus V,2010-04-07 04:52:08,-122.25929,37.8778,416,0,N,0
Bacchus V,2010-04-07 04:53:14,-122.25931,37.87767,413,0,N,0
Bacchus V,2010-04-07 04:54:20,-122.25934,37.87772,367,0,N,0
Bacchus V,2010-04-07 04:55:26,-122.25916,37.87768,291,0,N,0
Bacchus V,2010-04-07 04:56:33,-122.25931,37.87775,370,0,N,0
Bacchus V,2010-04-07 04:57:39,-122.25929,37.87775,285,0,N,0
Bacchus V,2010-04-07 04:58:45,-122.25923,37.8777,357,0,N,0
Bacchus V,2010-04-07 04:59:51,-122.25924,37.87774,318,0,N,0
Bacchus V,2010-04-07 05:00:57,-122.25924,37.87774,318,0,N,0
Bacchus V,2010-04-07 05:02:03,-122.25924,37.87778,295,0,N,0
Bacchus V,2010-04-07 05:03:09,-122.25931,37.87779,383,0,N,0
Bacchus V,2010-04-07 05:04:15,-122.25929,37.8778,350,0,N,0
Bacchus V,2010-04-07 05:05:21,-122.25924,37.87773,354,0,N,0
Bacchus V,2010-04-07 05:06:27,-122.25929,37.87777,324,0,N,0
Bacchus V,2010-04-07 05:07:33,-122.25927,37.87777,328,0,N,0
Bacchus V,2010-04-07 05:08:39,-122.25921,37.87772,334,0,N,0
Bacchus V,2010-04-07 05:09:44,-122.25921,37.87772,334,0,N,0
Bacchus V,2010-04-07 05:10:50,-122.25929,37.8778,321,0,N,0
Bacchus V,2010-04-07 05:11:56,-122.25927,37.87773,337,0,N,0
Bacchus V,2010-04-07 05:13:02,-122.25924,37.87772,344,0,N,0
Bacchus V,2010-04-07 05:14:08,-122.25923,37.87769,311,0,N,0
Bacchus V,2010-04-07 05:15:14,-122.25924,37.87774,337,0,N,0
Bacchus V,2010-04-07 05:16:21,-122.25924,37.87772,331,0,N,0
Bacchus V,2010-04-07 05:17:27,-122.25929,37.8777,318,0,N,0
Bacchus V,2010-04-07 05:18:32,-122.25927,37.87781,331,0,N,0
Bacchus V,2010-04-07 05:19:38,-122.25929,37.87778,357,0,N,0
Bacchus V,2010-04-07 05:20:44,-122.25927,37.87778,354,0,N,0
Bacchus V,2010-04-07 05:21:50,-122.25929,37.87788,373,1,N,0
Bacchus V,2010-04-07 05:22:56,-122.25913,37.87754,196,0,N,0
Bacchus V,2010-04-07 05:24:02,-122.25921,37.87773,272,0,N,0
Bacchus V,2010-04-07 05:25:08,-122.25923,37.87768,278,0,N,0
Bacchus V,2010-04-07 05:26:13,-122.25923,37.87775,318,0,N,0
Bacchus V,2010-04-07 05:27:19,-122.25927,37.87781,324,0,N,0
Bacchus V,2010-04-07 05:28:25,-122.25933,37.8778,373,0,N,0
Bacchus V,2010-04-07 05:29:31,-122.25927,37.87774,275,0,N,0
Bacchus V,2010-04-07 05:30:37,-122.25924,37.8777,341,0,N,0
Bacchus V,2010-04-07 05:31:44,-122.25934,37.87785,406,0,N,0
Bacchus V,2010-04-07 05:32:50,-122.25933,37.87783,403,0,N,0
Bacchus V,2010-04-07 05:34:07,-122.25902,37.87738,223,0,N,0
Bacchus V,2010-04-07 05:35:12,-122.25918,37.87762,311,0,N,0
Bacchus V,2010-04-07 05:36:19,-122.25931,37.87778,331,0,N,0
Bacchus V,2010-04-07 05:37:25,-122.25933,37.87774,341,0,N,0
Bacchus V,2010-04-07 05:38:31,-122.25924,37.8777,341,0,N,0
Bacchus V,2010-04-07 05:39:37,-122.25921,37.87769,360,0,N,0
Bacchus V,2010-04-07 05:40:43,-122.25924,37.87777,416,0,N,0
Bacchus V,2010-04-07 05:41:49,-122.25927,37.87773,396,0,N,0
Bacchus V,2010-04-07 05:42:55,-122.25924,37.87771,318,0,S,0
Bacchus V,2010-04-07 05:44:01,-122.25923,37.87773,367,0,N,0
Bacchus V,2010-04-07 05:45:07,-122.25918,37.87768,334,0,N,0
Bacchus V,2010-04-07 05:46:13,-122.25929,37.87779,367,0,N,0
Bacchus V,2010-04-07 05:47:21,-122.25929,37.87773,331,0,N,0
Bacchus V,2010-04-07 05:48:26,-122.25929,37.87772,360,0,N,0
Bacchus V,2010-04-07 05:49:32,-122.25933,37.87775,367,0,N,0
Bacchus V,2010-04-07 05:50:38,-122.25924,37.87769,364,0,N,0
Bacchus V,2010-04-07 05:51:45,-122.25913,37.87762,324,0,N,0
Bacchus V,2010-04-07 05:52:50,-122.25923,37.87766,370,0,N,0
Bacchus V,2010-04-07 05:53:56,-122.25921,37.87768,360,0,SE,0
Bacchus V,2010-04-07 05:55:03,-122.25924,37.87777,298,0,N,0
Bacchus V,2010-04-07 05:56:09,-122.25931,37.87783,373,1,N,0
Bacchus V,2010-04-07 05:57:15,-122.25912,37.87767,318,0,N,0
Bacchus V,2010-04-07 05:58:20,-122.25918,37.87767,321,0,N,0
Bacchus V,2010-04-07 05:59:26,-122.25934,37.87791,387,0,N,0
Bacchus V,2010-04-07 06:00:31,-122.25929,37.87777,341,0,N,0
Bacchus V,2010-04-07 06:01:38,-122.25927,37.87766,252,0,N,0
Bacchus V,2010-04-07 06:02:44,-122.25912,37.8777,278,0,N,0
Bacchus V,2010-04-07 06:04:01,-122.25923,37.87779,442,0,N,0
Bacchus V,2010-04-07 06:05:08,-122.25923,37.87773,341,1,SE,0
Bacchus V,2010-04-07 06:06:19,-122.25924,37.87782,393,0,N,0
Bacchus V,2010-04-07 06:07:25,-122.25929,37.87785,337,0,N,0
Bacchus V,2010-04-07 06:08:31,-122.25944,37.87788,311,0,N,0
Bacchus V,2010-04-07 06:09:37,-122.25923,37.87779,347,0,N,0
Bacchus V,2010-04-07 06:10:43,-122.25913,37.87768,347,0,N,0
Bacchus V,2010-04-07 06:11:51,-122.25913,37.87768,357,0,E,0
Bacchus V,2010-04-07 06:12:56,-122.25906,37.8776,298,0,N,0
Bacchus V,2010-04-07 06:14:02,-122.25921,37.87766,350,0,N,0
Bacchus V,2010-04-07 06:15:07,-122.2591,37.87765,314,0,N,0
Bacchus V,2010-04-07 06:16:13,-122.25927,37.87775,324,0,N,0
Bacchus V,2010-04-07 06:17:19,-122.25923,37.87765,403,2,N,0
Bacchus V,2010-04-07 06:18:25,-122.25927,37.87778,377,0,N,0
Bacchus V,2010-04-07 06:19:32,-122.25916,37.87772,377,0,N,0
Bacchus V,2010-04-07 06:20:38,-122.25923,37.87773,354,0,N,0
Bacchus V,2010-04-07 06:21:39,-122.25918,37.87773,318,0,N,0
Bacchus V,2010-04-07 06:22:45,-122.25913,37.87773,331,0,N,0
Bacchus V,2010-04-07 06:23:51,-122.25918,37.87771,259,0,N,0
Bacchus V,2010-04-07 06:24:57,-122.25929,37.87778,334,0,N,0
Bacchus V,2010-04-07 06:26:03,-122.25912,37.87777,236,0,N,0
Bacchus V,2010-04-07 06:27:09,-122.25927,37.87766,403,2,E,0
Bacchus V,2010-04-07 06:28:15,-122.25918,37.87766,341,0,N,0
Bacchus V,2010-04-07 06:29:21,-122.25923,37.87778,318,0,N,0
Bacchus V,2010-04-07 06:30:27,-122.25923,37.87775,324,0,N,0
Bacchus V,2010-04-07 06:31:32,-122.25931,37.87781,282,0,N,0
Bacchus V,2010-04-07 06:32:38,-122.25912,37.87767,396,0,N,0
Bacchus V,2010-04-07 06:33:57,-122.25968,37.87807,36,0,N,0
Bacchus V,2010-04-07 06:35:03,-122.25924,37.87771,413,0,NE,0
Bacchus V,2010-04-07 06:36:09,-122.25927,37.87771,482,0,N,0
Bacchus V,2010-04-07 06:37:15,-122.25918,37.8778,364,0,N,0
Bacchus V,2010-04-07 06:38:21,-122.25927,37.8778,308,0,N,0
Bacchus V,2010-04-07 06:39:27,-122.25924,37.87775,357,0,N,0
Bacchus V,2010-04-07 06:40:33,-122.25931,37.87779,245,0,N,0
Bacchus V,2010-04-07 06:41:39,-122.25902,37.87765,646,0,N,0
Bacchus V,2010-04-07 06:42:46,-122.25944,37.87786,62,0,N,0
Bacchus V,2010-04-07 06:43:54,-122.25902,37.87777,544,0,N,0
Bacchus V,2010-04-07 06:45:03,-122.25944,37.87783,101,0,N,0
Bacchus V,2010-04-07 06:46:08,-122.2595,37.87785,-33,0,N,0
Bacchus V,2010-04-07 06:47:14,-122.25924,37.87772,298,1,NW,0
Bacchus V,2010-04-07 06:48:19,-122.25938,37.87772,285,0,N,0
Bacchus V,2010-04-07 06:49:26,-122.25929,37.87764,272,0,SW,0
Bacchus V,2010-04-07 06:50:32,-122.25913,37.87784,387,0,N,0
Bacchus V,2010-04-07 06:51:38,-122.25929,37.87767,318,1,S,0
Bacchus V,2010-04-07 06:52:44,-122.25923,37.87759,367,4,S,0
Bacchus V,2010-04-07 06:53:50,-122.25931,37.87768,216,0,N,0
Bacchus V,2010-04-07 06:54:56,-122.25931,37.87762,354,5,SW,0
Bacchus V,2010-04-07 06:56:02,-122.25924,37.87764,416,0,N,0
Bacchus V,2010-04-07 06:57:08,-122.25927,37.87769,301,0,N,0
Bacchus V,2010-04-07 06:58:14,-122.25927,37.87771,239,0,N,0
Bacchus V,2010-04-07 06:59:20,-122.25933,37.87774,272,0,N,0
Bacchus V,2010-04-07 07:00:26,-122.25923,37.87768,380,0,N,0
Bacchus V,2010-04-07 07:01:32,-122.25929,37.87778,265,0,N,0
Bacchus V,2010-04-07 07:02:38,-122.25921,37.87775,357,0,E,0
Bacchus V,2010-04-07 07:03:44,-122.25931,37.87773,278,0,N,0
Bacchus V,2010-04-07 07:04:49,-122.25927,37.87777,291,0,N,0
Bacchus V,2010-04-07 07:05:56,-122.25918,37.87777,377,0,N,0
Bacchus V,2010-04-07 07:07:02,-122.25924,37.87769,350,0,N,0
Bacchus V,2010-04-07 07:08:07,-122.25929,37.87769,291,0,N,0
Bacchus V,2010-04-07 07:09:14,-122.25927,37.87773,298,0,N,0
Bacchus V,2010-04-07 07:10:20,-122.25927,37.87783,354,0,N,0
Bacchus V,2010-04-07 07:11:26,-122.25924,37.8778,367,0,N,0
Bacchus V,2010-04-07 07:12:32,-122.25921,37.8777,328,0,N,0
Bacchus V,2010-04-07 07:13:38,-122.25918,37.87771,331,1,E,0
Bacchus V,2010-04-07 07:14:45,-122.25929,37.87767,259,0,SW,0
Bacchus V,2010-04-07 07:15:50,-122.25916,37.87767,314,0,N,0
Bacchus V,2010-04-07 07:17:06,-122.25921,37.87775,252,0,N,0
Bacchus V,2010-04-07 07:18:12,-122.25921,37.87773,324,0,S,0
Bacchus V,2010-04-07 07:19:18,-122.25929,37.87766,196,0,N,0
Bacchus V,2010-04-07 07:20:24,-122.25913,37.87787,396,0,N,0
Bacchus V,2010-04-07 07:21:30,-122.25918,37.87781,400,0,N,0
Bacchus V,2010-04-07 07:22:37,-122.25921,37.87769,341,0,N,0
Bacchus V,2010-04-07 07:23:42,-122.25913,37.87775,423,0,N,0
Bacchus V,2010-04-07 07:24:43,-122.25927,37.8778,301,3,N,0
Bacchus V,2010-04-07 07:26:03,-122.25923,37.87788,275,0,N,0
Bacchus V,2010-04-07 07:27:09,-122.25918,37.87778,360,0,N,0
Bacchus V,2010-04-07 07:28:15,-122.25921,37.87772,347,0,N,0
Bacchus V,2010-04-07 07:29:21,-122.25921,37.87772,344,0,N,0
Bacchus V,2010-04-07 07:30:27,-122.25918,37.8778,406,0,N,0
Bacchus V,2010-04-07 07:31:33,-122.25924,37.87779,311,0,N,0
Bacchus V,2010-04-07 07:32:39,-122.25927,37.8777,364,0,N,0
Bacchus V,2010-04-07 07:33:45,-122.25927,37.8777,364,0,N,0
Bacchus V,2010-04-07 07:34:53,-122.25931,37.87767,390,0,N,0
Bacchus V,2010-04-07 07:35:59,-122.25902,37.87782,360,0,N,0
Bacchus V,2010-04-07 07:37:03,-122.25916,37.87779,344,0,N,0
Bacchus V,2010-04-07 07:38:09,-122.25924,37.87772,305,0,N,0
Bacchus V,2010-04-07 07:39:16,-122.25924,37.87769,311,0,N,0
Bacchus V,2010-04-07 07:40:27,-122.25921,37.8777,331,0,N,0
Bacchus V,2010-04-07 07:41:33,-122.25923,37.87779,298,0,N,0
Bacchus V,2010-04-07 07:42:39,-122.25913,37.87772,347,0,N,0
Bacchus V,2010-04-07 07:43:45,-122.25923,37.87771,357,0,N,0
Bacchus V,2010-04-07 07:44:55,-122.25931,37.87787,236,0,N,0
Bacchus V,2010-04-07 07:46:03,-122.25912,37.87783,328,0,N,0
Bacchus V,2010-04-07 07:47:09,-122.25927,37.8778,308,0,N,0
Bacchus V,2010-04-07 07:48:15,-122.25924,37.87779,308,0,N,0
Bacchus V,2010-04-07 07:49:21,-122.25918,37.87784,324,0,N,0
Bacchus V,2010-04-07 07:50:27,-122.25918,37.87786,314,0,N,0
Bacchus V,2010-04-07 07:51:34,-122.25913,37.87802,301,0,N,0
Bacchus V,2010-04-07 07:52:40,-122.2591,37.87779,229,2,NE,0
Bacchus V,2010-04-07 07:53:46,-122.25933,37.87779,328,1,N,0
Bacchus V,2010-04-07 07:54:52,-122.25918,37.87775,268,0,N,0
Bacchus V,2010-04-07 07:55:58,-122.25923,37.8778,311,0,N,0
Bacchus V,2010-04-07 07:57:04,-122.25923,37.8778,305,0,N,0
Bacchus V,2010-04-07 07:58:10,-122.25923,37.87777,301,1,N,0
Bacchus V,2010-04-07 07:59:16,-122.25927,37.87796,268,0,N,0
Bacchus V,2010-04-07 08:00:22,-122.25927,37.87784,219,0,N,0
Bacchus V,2010-04-07 08:01:28,-122.25938,37.87793,157,0,N,0
Bacchus V,2010-04-07 08:02:34,-122.25931,37.87769,311,0,N,0
Bacchus V,2010-04-07 08:03:40,-122.25923,37.87774,305,0,N,0
Bacchus V,2010-04-07 08:04:47,-122.25923,37.87772,334,0,N,0
Bacchus V,2010-04-07 08:05:53,-122.25924,37.87779,311,0,N,0
Bacchus V,2010-04-07 08:06:59,-122.25923,37.87768,298,0,N,0
Bacchus V,2010-04-07 08:08:05,-122.25921,37.8777,337,0,N,0
Bacchus V,2010-04-07 08:09:10,-122.25927,37.87777,331,0,N,0
Bacchus V,2010-04-07 08:10:16,-122.25924,37.87779,360,0,N,0
Bacchus V,2010-04-07 08:11:22,-122.25923,37.87774,298,0,N,0
Bacchus V,2010-04-07 08:12:27,-122.25931,37.87775,308,0,N,0
Bacchus V,2010-04-07 08:13:33,-122.25924,37.87777,337,0,N,0
Bacchus V,2010-04-07 08:14:44,-122.25927,37.87778,308,0,N,0
Bacchus V,2010-04-07 08:15:51,-122.25924,37.87771,328,0,N,0
Bacchus V,2010-04-07 08:16:56,-122.25924,37.87782,305,0,N,0
Bacchus V,2010-04-07 08:18:03,-122.25924,37.87784,268,0,N,0
Bacchus V,2010-04-07 08:19:09,-122.25923,37.87778,324,0,N,0
Bacchus V,2010-04-07 08:20:15,-122.25921,37.87771,344,0,N,0
Bacchus V,2010-04-07 08:21:21,-122.25921,37.87768,380,0,E,0
Bacchus V,2010-04-07 08:22:27,-122.25923,37.87769,314,0,N,0
Bacchus V,2010-04-07 08:23:33,-122.25916,37.87774,341,0,N,0
Bacchus V,2010-04-07 08:24:39,-122.25918,37.87764,341,0,N,0
Bacchus V,2010-04-07 08:25:45,-122.25929,37.87774,305,0,N,0
Bacchus V,2010-04-07 08:26:51,-122.25924,37.87777,295,0,N,0
Bacchus V,2010-04-07 08:27:57,-122.25924,37.87774,324,0,N,0
Bacchus V,2010-04-07 08:29:03,-122.25927,37.87773,278,0,N,0
Bacchus V,2010-04-07 08:30:09,-122.25929,37.87772,321,0,N,0
Bacchus V,2010-04-07 08:31:15,-122.25923,37.87772,295,0,N,0
Bacchus V,2010-04-07 08:32:22,-122.25927,37.8778,278,0,N,0
Bacchus V,2010-04-07 08:33:32,-122.25921,37.87775,314,0,N,0
Bacchus V,2010-04-07 08:34:38,-122.25927,37.87769,344,0,N,0
Bacchus V,2010-04-07 08:35:45,-122.25918,37.87778,344,0,N,0
Bacchus V,2010-04-07 08:36:51,-122.25921,37.87775,331,0,N,0
Bacchus V,2010-04-07 08:37:57,-122.25918,37.87774,341,0,N,0
Bacchus V,2010-04-07 08:39:03,-122.25924,37.87775,334,0,N,0
Bacchus V,2010-04-07 08:40:09,-122.25927,37.87771,298,0,N,0
Bacchus V,2010-04-07 08:41:15,-122.25923,37.87773,347,0,N,0
Bacchus V,2010-04-07 08:42:20,-122.25931,37.87769,275,0,N,0
Bacchus V,2010-04-07 08:43:27,-122.25924,37.87771,298,0,N,0
Bacchus V,2010-04-07 08:44:32,-122.25929,37.8777,305,0,N,0
Bacchus V,2010-04-07 08:45:39,-122.25916,37.87773,347,0,N,0
Bacchus V,2010-04-07 08:46:45,-122.25924,37.87772,321,0,N,0
Bacchus V,2010-04-07 08:47:51,-122.25921,37.8777,328,0,N,0
Bacchus V,2010-04-07 08:48:57,-122.25923,37.87772,328,0,N,0
Bacchus V,2010-04-07 08:50:04,-122.25921,37.87772,295,0,N,0
Bacchus V,2010-04-07 08:51:15,-122.25929,37.87773,318,0,N,0
Bacchus V,2010-04-07 08:52:19,-122.25918,37.8777,357,0,N,0
Bacchus V,2010-04-07 08:53:26,-122.25918,37.87777,334,0,N,0
Bacchus V,2010-04-07 08:54:32,-122.25924,37.87772,308,0,N,0
Bacchus V,2010-04-07 08:55:38,-122.25924,37.87775,337,0,N,0
Bacchus V,2010-04-07 08:56:44,-122.25924,37.87775,337,0,N,0
Bacchus V,2010-04-07 08:57:50,-122.25929,37.87786,364,3,NW,0
Bacchus V,2010-04-07 08:58:55,-122.25923,37.87762,288,0,N,0
Bacchus V,2010-04-07 09:00:02,-122.25924,37.87781,314,0,N,0
Bacchus V,2010-04-07 09:01:08,-122.25931,37.87782,328,0,N,0
Bacchus V,2010-04-07 09:02:14,-122.25933,37.87779,364,0,N,0
Bacchus V,2010-04-07 09:03:20,-122.25933,37.87779,364,0,N,0
Bacchus V,2010-04-07 09:04:26,-122.25918,37.87768,341,0,N,0
Bacchus V,2010-04-07 09:05:32,-122.25923,37.8778,328,0,N,0
Bacchus V,2010-04-07 09:06:38,-122.25931,37.87774,350,0,N,0
Bacchus V,2010-04-07 09:07:45,-122.2591,37.8775,173,0,N,0
Bacchus V,2010-04-07 09:08:52,-122.25938,37.8777,360,0,N,0
Bacchus V,2010-04-07 09:09:58,-122.25931,37.87784,360,0,N,0
Bacchus V,2010-04-07 09:11:04,-122.25929,37.87775,275,0,N,0
Bacchus V,2010-04-07 09:12:11,-122.25931,37.87768,288,0,N,0
Bacchus V,2010-04-07 09:13:22,-122.25927,37.87765,324,0,N,0
Bacchus V,2010-04-07 09:14:27,-122.25921,37.87769,288,0,N,0
Bacchus V,2010-04-07 09:15:33,-122.25924,37.8777,318,0,N,0
Bacchus V,2010-04-07 09:16:39,-122.25927,37.87775,350,0,N,0
Bacchus V,2010-04-07 09:17:45,-122.25924,37.87772,311,0,N,0
Bacchus V,2010-04-07 09:18:52,-122.25929,37.87765,380,0,N,0
Bacchus V,2010-04-07 09:19:58,-122.25929,37.87777,318,0,N,0
Bacchus V,2010-04-07 09:21:05,-122.25918,37.87774,373,0,N,0
Bacchus V,2010-04-07 09:22:11,-122.25929,37.87781,347,0,N,0
Bacchus V,2010-04-07 09:23:18,-122.25924,37.87768,308,0,N,0
Bacchus V,2010-04-07 09:24:23,-122.25923,37.87778,341,0,N,0
Bacchus V,2010-04-07 09:25:31,-122.25921,37.87768,347,0,N,0
Bacchus V,2010-04-07 09:26:37,-122.25921,37.87768,308,0,N,0
Bacchus V,2010-04-07 09:27:43,-122.25918,37.87777,331,0,N,0
Bacchus V,2010-04-07 09:28:49,-122.25924,37.8777,298,0,N,0
Bacchus V,2010-04-07 09:29:55,-122.25924,37.8777,298,0,N,0
Bacchus V,2010-04-07 09:31:02,-122.25921,37.8777,334,0,N,0
Bacchus V,2010-04-07 09:32:07,-122.25921,37.87769,328,0,N,0
Bacchus V,2010-04-07 09:33:13,-122.25918,37.8777,341,0,N,0
Bacchus V,2010-04-07 09:34:20,-122.25923,37.87775,344,0,N,0
Bacchus V,2010-04-07 09:35:26,-122.25918,37.87775,318,0,N,0
Bacchus V,2010-04-07 09:36:32,-122.25921,37.87771,344,0,N,0
Bacchus V,2010-04-07 09:37:39,-122.25923,37.87772,341,0,N,0
Bacchus V,2010-04-07 09:38:45,-122.25923,37.87771,314,0,N,0
Bacchus V,2010-04-07 09:39:51,-122.25924,37.87772,347,0,N,0
Bacchus V,2010-04-07 09:40:58,-122.25924,37.8778,311,0,N,0
Bacchus V,2010-04-07 09:42:04,-122.25916,37.87773,259,0,NW,0
Bacchus V,2010-04-07 09:43:10,-122.25924,37.87768,344,0,N,0
Bacchus V,2010-04-07 09:44:16,-122.25924,37.87774,305,0,N,0
Bacchus V,2010-04-07 09:45:22,-122.25927,37.87772,341,0,N,0
Bacchus V,2010-04-07 09:46:29,-122.25931,37.87769,331,0,N,0
Bacchus V,2010-04-07 09:47:34,-122.25934,37.8777,318,0,N,0
Bacchus V,2010-04-07 09:48:40,-122.25929,37.87772,321,0,N,0
Bacchus V,2010-04-07 09:49:46,-122.25923,37.87774,285,0,N,0
Bacchus V,2010-04-07 09:50:52,-122.25923,37.8777,328,0,N,0
Bacchus V,2010-04-07 09:51:59,-122.25924,37.87772,318,0,N,0
Bacchus V,2010-04-07 09:53:06,-122.25931,37.87769,383,0,N,0
Bacchus V,2010-04-07 09:54:11,-122.25924,37.87772,321,0,N,0
Bacchus V,2010-04-07 09:55:17,-122.25921,37.87772,272,0,N,0
Bacchus V,2010-04-07 09:56:23,-122.25923,37.87773,321,0,N,0
Bacchus V,2010-04-07 09:57:30,-122.25921,37.87768,305,0,N,0
Bacchus V,2010-04-07 09:58:36,-122.25921,37.87773,387,0,N,0
Bacchus V,2010-04-07 09:59:41,-122.25916,37.87772,308,0,N,0
Bacchus V,2010-04-07 10:00:49,-122.25929,37.87774,321,0,N,0
Bacchus V,2010-04-07 10:01:59,-122.25921,37.87775,364,0,N,0
Bacchus V,2010-04-07 10:03:07,-122.25923,37.87768,354,0,N,0
Bacchus V,2010-04-07 12:48:02,-121.53364,37.72037,180,0,N,0
Bacchus V,2010-04-07 12:49:09,-121.53366,37.72037,186,0,N,0
Bacchus V,2010-04-07 12:50:15,-121.53366,37.72037,186,0,N,0
Bacchus V,2010-04-07 12:51:21,-121.53366,37.72037,186,0,N,0
Bacchus V,2010-04-07 12:52:27,-121.53361,37.72039,147,0,N,0
Bacchus V,2010-04-07 12:53:33,-121.53361,37.72034,157,0,N,0
Bacchus V,2010-04-07 12:54:39,-121.53367,37.7203,209,0,N,0
Bacchus V,2010-04-07 12:55:45,-121.53367,37.72033,232,0,N,0
Bacchus V,2010-04-07 12:56:51,-121.53361,37.72038,183,0,N,0
Bacchus V,2010-04-07 12:57:57,-121.53361,37.72038,183,0,N,0
Bacchus V,2010-04-07 12:59:03,-121.53361,37.72038,183,0,N,0
Bacchus V,2010-04-07 13:00:09,-121.53361,37.72038,183,0,N,0
Bacchus V,2010-04-07 13:01:15,-121.53364,37.72035,219,0,N,0
Bacchus V,2010-04-07 13:02:20,-121.53364,37.72037,177,0,N,0
Bacchus V,2010-04-07 13:03:26,-121.53364,37.72037,177,0,N,0
Bacchus V,2010-04-07 13:04:33,-121.53361,37.72037,196,0,N,0
Bacchus V,2010-04-07 13:05:39,-121.53361,37.72036,160,0,N,0
Bacchus V,2010-04-07 13:06:45,-121.53361,37.72036,160,0,N,0
Bacchus V,2010-04-07 13:07:51,-121.53364,37.72035,203,0,N,0
Bacchus V,2010-04-07 13:09:02,-121.53364,37.72037,164,0,N,0
Bacchus V,2010-04-07 13:10:08,-121.53364,37.72035,190,0,N,0
Bacchus V,2010-04-07 13:11:14,-121.53366,37.72035,190,0,N,0
Bacchus V,2010-04-07 13:12:20,-121.53364,37.72038,141,0,N,0
Bacchus V,2010-04-07 13:13:26,-121.53366,37.72038,173,0,N,0
Bacchus V,2010-04-07 13:14:31,-121.53366,37.72037,180,0,N,0
Bacchus V,2010-04-07 13:15:37,-121.53366,37.72035,180,0,N,0
Bacchus V,2010-04-07 13:16:43,-121.53366,37.72037,164,0,N,0
Bacchus V,2010-04-07 13:17:49,-121.53364,37.72036,170,0,N,0
Bacchus V,2010-04-07 13:19:00,-121.53364,37.72033,206,0,N,0
Bacchus V,2010-04-07 13:20:06,-121.53364,37.72037,183,0,N,0
Bacchus V,2010-04-07 13:21:12,-121.53364,37.72037,183,0,N,0
Bacchus V,2010-04-07 13:22:17,-121.53364,37.72037,183,0,N,0
Bacchus V,2010-04-07 13:23:23,-121.53364,37.72037,203,0,N,0
Bacchus V,2010-04-07 13:24:29,-121.53364,37.72037,164,0,N,0
Bacchus V,2010-04-07 13:25:35,-121.53361,37.72036,157,0,N,0
Bacchus V,2010-04-07 13:26:41,-121.53364,37.72041,147,0,N,0
Bacchus V,2010-04-07 13:27:48,-121.53361,37.7203,223,0,N,0
Bacchus V,2010-04-07 13:28:54,-121.53366,37.72037,157,0,N,0
Bacchus V,2010-04-07 13:29:59,-121.53364,37.72036,180,0,N,0
Bacchus V,2010-04-07 13:31:05,-121.53361,37.72037,157,0,N,0
Bacchus V,2010-04-07 13:32:12,-121.53361,37.72037,157,0,N,0
Bacchus V,2010-04-07 13:33:17,-121.53361,37.72037,157,0,N,0
Bacchus V,2010-04-07 13:34:23,-121.53364,37.72041,193,0,N,0
Bacchus V,2010-04-07 13:35:30,-121.53366,37.72035,193,0,N,0
Bacchus V,2010-04-07 13:36:36,-121.53364,37.72038,160,0,N,0
Bacchus V,2010-04-07 13:37:40,-121.53364,37.72038,160,0,N,0
Bacchus V,2010-04-07 13:38:47,-121.53364,37.72039,177,0,N,0
Bacchus V,2010-04-07 13:39:53,-121.53364,37.72039,160,0,N,0
Bacchus V,2010-04-07 13:40:59,-121.53364,37.72039,160,0,N,0
Bacchus V,2010-04-07 13:42:05,-121.53366,37.72044,131,0,N,0
Bacchus V,2010-04-07 13:43:11,-121.53361,37.72039,183,0,N,0
Bacchus V,2010-04-07 13:44:17,-121.53366,37.72043,134,0,N,0
Bacchus V,2010-04-07 13:45:24,-121.53358,37.72038,164,0,N,0
Bacchus V,2010-04-07 13:46:31,-121.53364,37.72039,131,0,N,0
Bacchus V,2010-04-07 13:47:36,-121.53367,37.72044,114,0,N,0
Bacchus V,2010-04-07 13:48:42,-121.53364,37.72035,147,0,N,0
Bacchus V,2010-04-07 13:49:48,-121.53364,37.72035,147,0,N,0
Bacchus V,2010-04-07 13:50:54,-121.53364,37.72035,147,0,N,0
Bacchus V,2010-04-07 13:52:00,-121.53364,37.72035,147,0,N,0
Bacchus V,2010-04-07 13:53:06,-121.53364,37.72035,147,0,N,0
Bacchus V,2010-04-07 13:54:12,-121.53364,37.72035,147,0,N,0
Bacchus V,2010-04-07 13:55:18,-121.53366,37.72042,147,0,N,0
Bacchus V,2010-04-07 13:56:23,-121.53364,37.72038,164,0,N,0
Bacchus V,2010-04-07 13:57:30,-121.53366,37.72039,157,0,N,0
Bacchus V,2010-04-07 13:58:36,-121.53361,37.72039,157,0,N,0
Bacchus V,2010-04-07 13:59:42,-121.53356,37.72034,170,0,N,0
Bacchus V,2010-04-07 14:00:47,-121.53364,37.72042,170,0,N,0
Bacchus V,2010-04-07 14:01:54,-121.53364,37.72042,170,0,N,0
Bacchus V,2010-04-07 14:03:00,-121.53364,37.72042,170,0,N,0
Bacchus V,2010-04-07 14:04:05,-121.53367,37.72035,170,0,N,0
Bacchus V,2010-04-07 14:05:12,-121.53367,37.72044,160,0,N,0
Bacchus V,2010-04-07 14:06:25,-121.53358,37.72034,150,0,N,0
Bacchus V,2010-04-07 14:07:32,-121.53358,37.7203,147,0,N,0
Bacchus V,2010-04-07 14:08:44,-121.53366,37.72037,131,0,N,0
Bacchus V,2010-04-07 14:09:50,-121.53358,37.72034,154,0,N,0
Bacchus V,2010-04-07 14:10:56,-121.53358,37.72033,127,0,N,0
Bacchus V,2010-04-07 14:12:02,-121.53355,37.72032,150,0,N,0
Bacchus V,2010-04-07 14:13:09,-121.53366,37.72046,141,0,N,0
Bacchus V,2010-04-07 14:14:16,-121.53358,37.72036,167,0,N,0
Bacchus V,2010-04-07 14:15:22,-121.53356,37.72035,137,0,N,0
Bacchus V,2010-04-07 14:16:28,-121.53358,37.7203,144,0,N,0
Bacchus V,2010-04-07 14:17:35,-121.53361,37.72036,144,0,N,0
Bacchus V,2010-04-07 14:18:41,-121.53364,37.72037,144,0,N,0
Bacchus V,2010-04-07 14:19:48,-121.53358,37.72034,137,0,N,0
Bacchus V,2010-04-07 14:31:02,-121.53364,37.72037,144,0,N,0
Bacchus V,2010-04-07 14:32:07,-121.53358,37.72036,154,0,N,0
Bacchus V,2010-04-07 14:33:13,-121.53358,37.72036,154,0,N,0
Bacchus V,2010-04-07 14:34:22,-121.53355,37.72041,164,0,N,0
Bacchus V,2010-04-07 14:35:48,-121.5335,37.72041,193,0,N,0
Bacchus V,2010-04-07 14:36:54,-121.53355,37.72031,157,0,N,0
Bacchus V,2010-04-07 14:38:00,-121.53358,37.72031,167,0,N,0
Bacchus V,2010-04-07 14:39:07,-121.53155,37.71788,167,9,SE,0
Bacchus V,2010-04-07 14:40:39,-121.52769,37.7154,2942,13,E,1
Bacchus V,2010-04-07 14:41:53,-121.52548,37.71716,4690,0,N,1
Bacchus V,2010-04-07 14:44:34,-121.52432,37.71355,8045,0,N,1
Bacchus V,2010-04-07 14:45:52,-121.52368,37.71315,9551,0,N,1
Bacchus V,2010-04-07 14:47:15,-121.52299,37.71196,11266,0,N,1
Bacchus V,2010-04-07 14:50:47,-121.52102,37.70623,15415,0,N,1
Bacchus V,2010-04-07 14:56:27,-121.51166,37.69899,19853,16,S,1
Bacchus V,2010-04-07 14:57:33,-121.51118,37.69701,19853,6,S,1
Bacchus V,2010-04-07 14:58:39,-121.51014,37.69526,19853,5,SE,1
Bacchus V,2010-04-07 14:59:46,-121.50855,37.69356,19853,13,SE,1
Bacchus V,2010-04-07 15:00:52,-121.50838,37.69173,19853,12,S,1
Bacchus V,2010-04-07 15:01:58,-121.50849,37.69126,19853,9,W,1
Bacchus V,2010-04-07 15:03:04,-121.51042,37.69326,19853,14,NW,1
Bacchus V,2010-04-07 15:04:10,-121.51252,37.69786,19853,14,N,1
Bacchus V,2010-04-07 15:05:17,-121.51415,37.70195,19853,13,N,1
Bacchus V,2010-04-07 15:06:23,-121.51589,37.70497,19853,11,NW,1
Bacchus V,2010-04-07 15:07:30,-121.51763,37.70838,19853,10,N,1
Bacchus V,2010-04-07 15:08:38,-121.51868,37.71112,19853,9,NW,1
Bacchus V,2010-04-07 15:09:45,-121.51913,37.71405,19853,15,N,1
Bacchus V,2010-04-07 15:10:52,-121.51937,37.71709,19853,8,N,1
Bacchus V,2010-04-07 15:11:58,-121.52043,37.71921,19853,6,NW,1
Bacchus V,2010-04-07 15:13:04,-121.5212,37.72118,19853,6,NE,1
Bacchus V,2010-04-07 15:14:10,-121.52054,37.7221,19853,9,N,1
Bacchus V,2010-04-07 15:15:16,-121.51914,37.72232,19853,9,SE,1
Bacchus V,2010-04-07 15:16:22,-121.51548,37.72198,19853,12,E,1
Bacchus V,2010-04-07 15:17:28,-121.50977,37.72169,19853,17,E,1
Bacchus V,2010-04-07 15:18:34,-121.50387,37.72078,19853,23,E,1
Bacchus V,2010-04-07 15:19:40,-121.49559,37.72051,19853,27,E,1
Bacchus V,2010-04-07 15:20:47,-121.48634,37.72081,19853,33,E,1
Bacchus V,2010-04-07 15:21:53,-121.47568,37.72101,19853,33,E,1
Bacchus V,2010-04-07 15:22:59,-121.46557,37.72107,19853,26,E,1
Bacchus V,2010-04-07 15:24:05,-121.45446,37.72017,19853,33,E,1
Bacchus V,2010-04-07 15:25:11,-121.44186,37.71826,19853,38,E,1
Bacchus V,2010-04-07 15:26:17,-121.43132,37.71575,19853,30,E,1
Bacchus V,2010-04-07 15:27:23,-121.4207,37.71447,19853,35,E,1
Bacchus V,2010-04-07 15:28:29,-121.40817,37.71298,19853,40,E,1
Bacchus V,2010-04-07 15:29:35,-121.39605,37.71116,19853,37,E,1
Bacchus V,2010-04-07 15:30:41,-121.3836,37.70991,19853,34,E,1
Bacchus V,2010-04-07 15:31:47,-121.37145,37.70817,19853,35,E,1
Bacchus V,2010-04-07 15:32:53,-121.36036,37.70522,19853,34,E,1
Bacchus V,2010-04-07 15:33:59,-121.34892,37.70254,19853,33,E,1
Bacchus V,2010-04-07 15:35:05,-121.3401,37.70054,19853,26,E,1
Bacchus V,2010-04-07 15:36:11,-121.33197,37.69974,19853,22,E,1
Bacchus V,2010-04-07 15:37:17,-121.32349,37.70012,19853,28,E,1
Bacchus V,2010-04-07 15:38:23,-121.31176,37.70001,19853,37,E,1
Bacchus V,2010-04-07 15:39:29,-121.30154,37.69855,19853,39,SE,1
Bacchus V,2010-04-07 15:40:36,-121.29015,37.69641,19853,32,E,1
Bacchus V,2010-04-07 15:41:42,-121.27886,37.69558,19853,26,E,1
Bacchus V,2010-04-07 15:42:48,-121.27358,37.69509,19853,4,E,1
Bacchus V,2010-04-07 15:43:54,-121.27318,37.69679,19853,9,N,1
Bacchus V,2010-04-07 15:44:59,-121.27395,37.69915,19853,4,NW,1
Bacchus V,2010-04-07 15:46:06,-121.27541,37.70211,19853,9,NW,1
Bacchus V,2010-04-07 15:47:11,-121.27534,37.70129,19853,3,SE,1
Bacchus V,2010-04-07 15:48:17,-121.27414,37.6992,19853,11,S,1
Bacchus V,2010-04-07 15:49:23,-121.2732,37.69691,19853,1,NE,1
Bacchus V,2010-04-07 15:50:29,-121.27099,37.69566,18440,7,SE,1
Bacchus V,2010-04-07 15:51:35,-121.26845,37.69419,16131,10,SE,1
Bacchus V,2010-04-07 15:52:42,-121.26627,37.69274,14005,18,SE,1
Bacchus V,2010-04-07 15:53:48,-121.26541,37.69017,11903,17,S,1
Bacchus V,2010-04-07 15:54:54,-121.26567,37.68851,9964,2,N,1
Bacchus V,2010-04-07 15:56:00,-121.26556,37.6889,8058,6,W,1
Bacchus V,2010-04-07 15:57:06,-121.26391,37.68817,6327,8,SE,1
Bacchus V,2010-04-07 15:58:13,-121.26393,37.68873,4454,8,NW,1
Bacchus V,2010-04-07 15:59:20,-121.26151,37.68922,2896,6,NE,1
Bacchus V,2010-04-07 16:00:27,-121.25948,37.68756,1410,6,N,1
Bacchus V,2010-04-07 16:01:33,-121.25829,37.68635,121,8,E,1
Bacchus V,2010-04-07 16:02:40,-121.25831,37.68619,-102,0,N,1
Bacchus V,2010-04-07 16:03:46,-121.25827,37.68626,-82,0,N,1
Bacchus V,2010-04-07 16:04:52,-121.25827,37.68626,-82,0,N,1
Bacchus V,2010-04-07 16:05:58,-121.25829,37.68622,-86,0,N,1
Bacchus V,2010-04-07 16:07:05,-121.25833,37.6862,-138,0,N,1
Bacchus V,2010-04-07 16:08:10,-121.25835,37.68614,-132,0,N,1
Bacchus V,2010-04-07 16:09:16,-121.25831,37.68624,-63,0,N,1
Bacchus V,2010-04-07 16:10:22,-121.25827,37.68621,-102,0,N,1
Bacchus V,2010-04-07 16:11:28,-121.25827,37.68621,-102,0,N,1
Bacchus V,2010-04-07 16:12:34,-121.25829,37.68627,-69,0,N,1
Bacchus V,2010-04-07 16:13:40,-121.25835,37.68621,-73,0,N,1
Bacchus V,2010-04-07 16:14:47,-121.25822,37.68626,-99,0,N,1
Bacchus V,2010-04-07 16:15:53,-121.25831,37.68619,-122,0,N,1
Bacchus V,2010-04-07 16:16:59,-121.25833,37.68616,-96,0,N,1
Bacchus V,2010-04-07 16:18:02,-121.25721,37.685,-66,11,S,0
Bacchus V,2010-04-07 16:23:00,-121.26704,37.68429,-76,15,SW,0
Bacchus V,2010-04-07 16:34:31,-121.27389,37.68011,-96,0,N,0
Bacchus V,2010-04-07 16:35:39,-121.27812,37.67713,-63,0,N,0
Bacchus V,2010-04-07 16:36:53,-121.27676,37.66916,-43,52,SW,0
Bacchus V,2010-04-07 16:37:58,-121.2942,37.66743,-86,62,W,0
Bacchus V,2010-04-07 16:39:05,-121.31401,37.66728,-30,55,W,0
Bacchus V,2010-04-07 16:40:16,-121.3244,37.66762,-14,0,N,0
Bacchus V,2010-04-07 16:41:22,-121.3244,37.66762,-14,0,N,0
Bacchus V,2010-04-07 16:42:33,-121.32444,37.66761,-23,0,N,0
Bacchus V,2010-04-07 16:43:43,-121.32436,37.66757,-69,0,N,0
Bacchus V,2010-04-07 16:44:50,-121.32449,37.66757,-10,0,N,0
Bacchus V,2010-04-07 16:45:56,-121.32444,37.66763,-20,0,N,0
Bacchus V,2010-04-07 16:47:07,-121.32442,37.66763,-27,0,SW,0
Bacchus V,2010-04-07 16:48:20,-121.32442,37.66762,-33,0,N,0
Bacchus V,2010-04-07 16:49:38,-121.32455,37.6676,-46,0,N,0
Bacchus V,2010-04-07 16:50:46,-121.32451,37.66763,-23,0,N,0
Bacchus V,2010-04-07 16:51:58,-121.32444,37.66763,0,0,N,0
Bacchus V,2010-04-07 16:53:04,-121.32451,37.66768,-30,0,N,0
Bacchus V,2010-04-07 16:54:10,-121.32442,37.66773,-79,0,N,0
Bacchus V,2010-04-07 16:55:16,-121.32446,37.6677,-23,0,N,0
Bacchus V,2010-04-07 16:56:22,-121.32449,37.6677,-63,0,N,0
Bacchus V,2010-04-07 16:57:33,-121.32451,37.66773,3,0,N,0
Bacchus V,2010-04-07 16:58:44,-121.32446,37.66768,-46,0,N,0
Bacchus V,2010-04-07 16:59:50,-121.32449,37.6677,-17,0,N,0
Bacchus V,2010-04-07 17:00:56,-121.32455,37.66765,65,0,SW,0
Bacchus V,2010-04-07 17:02:02,-121.32453,37.66761,72,0,N,0
Bacchus V,2010-04-07 17:03:08,-121.32449,37.6677,-17,0,N,0
Bacchus V,2010-04-07 17:04:14,-121.32446,37.66768,-10,0,N,0
Bacchus V,2010-04-07 17:05:20,-121.32449,37.66764,36,0,N,0
Bacchus V,2010-04-07 17:06:25,-121.32449,37.66768,-20,0,N,0
Bacchus V,2010-04-07 17:07:30,-121.32459,37.66766,49,0,N,0
Bacchus V,2010-04-07 17:08:36,-121.32444,37.66779,-66,0,N,0
Bacchus V,2010-04-07 17:09:43,-121.32444,37.6677,-7,0,N,0
Bacchus V,2010-04-07 17:10:49,-121.32449,37.66775,6,0,N,0
Bacchus V,2010-04-07 17:11:54,-121.3244,37.66759,0,0,N,0
Bacchus V,2010-04-07 17:13:00,-121.32449,37.66764,-33,0,N,0
Bacchus V,2010-04-07 17:14:07,-121.32446,37.66768,-33,0,N,0
Bacchus V,2010-04-07 17:15:12,-121.32449,37.66769,-50,0,N,0
Bacchus V,2010-04-07 17:16:18,-121.32442,37.66769,-33,0,N,0
Bacchus V,2010-04-07 17:17:24,-121.32449,37.66779,-69,0,N,0
Bacchus V,2010-04-07 17:18:30,-121.32451,37.6677,-17,0,N,0
Bacchus V,2010-04-07 17:19:35,-121.32449,37.66773,-46,0,N,0
Bacchus V,2010-04-07 17:20:43,-121.32449,37.66768,-7,0,N,0
Bacchus V,2010-04-07 17:21:48,-121.32446,37.66769,6,0,N,0
Bacchus V,2010-04-07 17:22:54,-121.32449,37.66769,-23,0,N,0
Bacchus V,2010-04-07 17:24:00,-121.32449,37.66772,-20,0,N,0
Bacchus V,2010-04-07 17:25:06,-121.32449,37.66806,-4,4,NW,0
Bacchus V,2010-04-07 17:26:13,-121.32466,37.67678,-43,50,N,0
Bacchus V,2010-04-07 17:27:25,-121.32472,37.69205,-50,52,N,0
Bacchus V,2010-04-07 17:28:37,-121.33371,37.69644,-43,52,W,0
Bacchus V,2010-04-07 17:29:49,-121.35321,37.69633,-43,52,W,0
Bacchus V,2010-04-07 17:30:57,-121.36158,37.69637,-43,19,S,0
Bacchus V,2010-04-07 17:32:03,-121.37465,37.69622,-7,60,W,0
Bacchus V,2010-04-07 17:33:28,-121.39541,37.69616,-14,52,W,0
Bacchus V,2010-04-07 17:34:35,-121.41397,37.69592,49,45,W,0
Bacchus V,2010-04-07 17:35:42,-121.43001,37.69609,0,66,W,0
Bacchus V,2010-04-07 17:36:48,-121.44521,37.69591,101,63,W,0
Bacchus V,2010-04-07 17:37:54,-121.45276,37.69981,72,52,N,0
Bacchus V,2010-04-07 17:39:01,-121.45432,37.71059,16,37,W,0
Bacchus V,2010-04-07 17:40:27,-121.4754,37.7105,49,36,W,0
Bacchus V,2010-04-07 17:41:32,-121.47651,37.71923,-17,14,N,0
Bacchus V,2010-04-07 17:42:40,-121.49082,37.72166,0,62,W,0
Bacchus V,2010-04-07 17:43:46,-121.51288,37.72182,78,36,W,0
Bacchus V,2010-04-07 17:44:50,-121.52614,37.72204,137,49,W,0
Bacchus V,2010-04-07 17:45:57,-121.5314,37.72884,82,47,N,0
Bacchus V,2010-04-07 17:47:02,-121.53165,37.7423,65,35,N,0
Bacchus V,2010-04-07 17:48:08,-121.54872,37.74371,45,73,W,0
Bacchus V,2010-04-07 17:49:14,-121.57243,37.74223,209,75,W,0
Bacchus V,2010-04-07 17:50:21,-121.59738,37.7388,291,63,W,0
Bacchus V,2010-04-07 17:51:29,-121.62044,37.736,534,69,W,0
Bacchus V,2010-04-07 17:52:35,-121.63783,37.72722,682,63,SW,0
Bacchus V,2010-04-07 17:53:46,-121.65796,37.72044,921,56,SW,0
Bacchus V,2010-04-07 17:54:59,-121.67796,37.72177,744,70,W,0
Bacchus V,2010-04-07 17:55:53,-121.67796,37.72177,744,70,W,1
Bacchus V,2010-04-07 17:56:59,-121.72231,37.70978,416,78,SW,1
Bacchus V,2010-04-07 17:59:02,-121.74683,37.70252,423,78,W,1
Bacchus V,2010-04-07 18:00:24,-121.79504,37.70102,275,63,W,1
Bacchus V,2010-04-07 18:02:21,-121.8214,37.70116,291,70,W,1
Bacchus V,2010-04-07 18:03:42,-121.86374,37.70149,219,74,W,1
Bacchus V,2010-04-07 18:05:39,-121.89187,37.70177,226,67,W,1
Bacchus V,2010-04-07 18:08:45,-121.96776,37.69729,557,68,W,0
Bacchus V,2010-04-07 18:09:51,-121.98907,37.7004,583,62,NW,0
Bacchus V,2010-04-07 18:10:58,-122.01041,37.70334,406,61,W,0
Bacchus V,2010-04-07 18:12:05,-122.02993,37.70195,318,56,W,0
Bacchus V,2010-04-07 18:13:18,-122.04829,37.69425,111,68,SW,0
Bacchus V,2010-04-07 18:14:24,-122.06924,37.69128,68,62,W,0
Bacchus V,2010-04-07 18:15:35,-122.09093,37.69085,82,54,W,0
Bacchus V,2010-04-07 18:16:40,-122.10775,37.69945,52,73,NW,0
Bacchus V,2010-04-07 18:17:46,-122.1272,37.71144,-46,72,NW,0
Bacchus V,2010-04-07 18:18:53,-122.13803,37.72769,0,65,N,0
Bacchus V,2010-04-07 18:20:04,-122.14724,37.74392,-7,66,NW,0
Bacchus V,2010-04-07 18:21:21,-122.14945,37.76275,137,62,NW,0
Bacchus V,2010-04-07 18:22:28,-122.16417,37.77643,193,72,NW,0
Bacchus V,2010-04-07 18:23:35,-122.18758,37.7843,68,77,W,0
Bacchus V,2010-04-07 18:24:44,-122.2064,37.79473,108,63,NW,0
Bacchus V,2010-04-07 18:25:50,-122.22781,37.80078,98,68,W,0
Bacchus V,2010-04-07 18:26:56,-122.24804,37.81024,-50,69,W,0
Bacchus V,2010-04-07 18:28:07,-122.26339,37.82332,-27,65,W,0
Bacchus V,2010-04-07 18:29:13,-122.28448,37.8275,-82,58,W,0
Bacchus V,2010-04-07 18:30:18,-122.3016,37.82614,-99,59,W,0
Bacchus V,2010-04-07 18:31:25,-122.30849,37.82498,-102,6,W,0
Bacchus V,2010-04-07 18:32:31,-122.30958,37.82497,-119,0,N,0
Bacchus V,2010-04-07 18:33:39,-122.31052,37.82489,-82,0,N,0
Bacchus V,2010-04-07 18:34:47,-122.31132,37.8249,-92,0,N,0
Bacchus V,2010-04-07 18:35:55,-122.31226,37.82482,-89,2,W,0
Bacchus V,2010-04-07 18:37:03,-122.31272,37.82482,-92,0,N,0
Bacchus V,2010-04-07 18:38:08,-122.31298,37.82477,-92,0,N,0
Bacchus V,2010-04-07 18:39:15,-122.31342,37.82473,-82,0,N,0
Bacchus V,2010-04-07 18:40:20,-122.31364,37.82466,-86,0,N,0
Bacchus V,2010-04-07 18:41:37,-122.31405,37.82453,-69,1,SW,0
Bacchus V,2010-04-07 18:42:44,-122.31457,37.82453,-99,0,N,0
Bacchus V,2010-04-07 18:43:56,-122.31497,37.82451,-89,3,W,0
Bacchus V,2010-04-07 18:45:03,-122.31527,37.82449,-43,0,N,0
Bacchus V,2010-04-07 18:46:14,-122.31554,37.82438,-53,0,N,0
Bacchus V,2010-04-07 18:47:20,-122.31565,37.82441,-46,0,N,0
Bacchus V,2010-04-07 18:49:05,-122.31575,37.82443,-66,0,N,1
Bacchus V,2010-04-07 18:50:08,-122.31648,37.82414,-50,0,W,0
Bacchus V,2010-04-07 18:51:50,-122.32178,37.82263,-99,55,W,0
Bacchus V,2010-04-07 18:52:55,-122.34108,37.81954,22,58,W,0
Bacchus V,2010-04-07 18:54:01,-122.35158,37.81652,124,34,W,0
Bacchus V,2010-04-07 18:55:12,-122.36212,37.81206,75,42,SW,0
Bacchus V,2010-04-07 18:56:20,-122.37188,37.80373,141,14,SW,0
Bacchus V,2010-04-07 18:57:28,-122.37494,37.80088,157,21,SW,0
Bacchus V,2010-04-07 18:58:38,-122.38087,37.79536,216,11,SW,0
Bacchus V,2010-04-07 18:59:45,-122.3845,37.79199,111,22,SW,0
Bacchus V,2010-04-07 19:00:51,-122.39003,37.78676,52,30,SW,0
Bacchus V,2010-04-07 19:02:11,-122.39998,37.77932,-105,28,SW,0
Bacchus V,2010-04-07 19:03:20,-122.40142,37.77905,-86,16,W,0
Bacchus V,2010-04-07 19:04:27,-122.40219,37.77876,-112,21,SW,0
Bacchus V,2010-04-07 19:05:34,-122.40631,37.77555,-76,32,SW,0
Bacchus V,2010-04-07 19:06:40,-122.41012,37.77254,-66,12,SW,0
Bacchus V,2010-04-07 19:07:48,-122.41258,37.77073,-99,17,SW,0
Bacchus V,2010-04-07 19:10:27,-122.42177,37.77003,-96,11,W,0
Bacchus V,2010-04-07 19:11:32,-122.42595,37.7697,13,0,N,0
Bacchus V,2010-04-07 19:12:39,-122.42792,37.76874,0,7,W,0
Bacchus V,2010-04-07 19:13:45,-122.42872,37.76801,26,0,N,0
Bacchus V,2010-04-07 19:14:51,-122.42908,37.76818,16,6,S,0
Bacchus V,2010-04-07 19:15:59,-122.42896,37.76604,114,1,S,0
Bacchus V,2010-04-07 19:17:07,-122.42675,37.76863,36,19,N,0
Bacchus V,2010-04-07 19:18:17,-122.42492,37.77054,108,3,SW,0
Bacchus V,2010-04-07 19:19:27,-122.42256,37.77244,3,16,NE,0
Bacchus V,2010-04-07 19:20:36,-122.42138,37.77335,108,20,NE,0
Bacchus V,2010-04-07 19:21:56,-122.41793,37.77605,16,4,NE,0
Bacchus V,2010-04-07 19:23:03,-122.41619,37.77522,0,1,SW,0
Bacchus V,2010-04-07 19:24:14,-122.41129,37.779,22,23,NE,0
Bacchus V,2010-04-07 19:25:26,-122.40666,37.78259,-14,5,NE,0
Bacchus V,2010-04-07 19:26:37,-122.4043,37.78444,180,13,NE,0
Bacchus V,2010-04-07 19:28:09,-122.39977,37.7875,26,19,E,0
Bacchus V,2010-04-07 19:29:18,-122.39897,37.78631,-56,15,SW,0
Bacchus V,2010-04-07 19:30:28,-122.40121,37.78576,-43,23,NW,0
Bacchus V,2010-04-07 19:31:49,-122.39896,37.78703,65,3,NE,0
Bacchus V,2010-04-07 19:33:00,-122.39589,37.78899,-46,0,N,0
Bacchus V,2010-04-07 19:34:10,-122.39896,37.78632,-142,11,SW,0
Bacchus V,2010-04-07 19:35:28,-122.40011,37.78805,180,27,NE,0
Bacchus V,2010-04-07 19:36:33,-122.40064,37.78701,-60,0,N,0
Bacchus V,2010-04-07 19:37:41,-122.4008,37.78733,0,0,N,0
Bacchus V,2010-04-07 19:38:46,-122.40098,37.78697,52,1,W,0
Bacchus V,2010-04-07 19:39:52,-122.40098,37.78676,314,0,N,0
Bacchus V,2010-04-07 19:40:59,-122.40068,37.78702,-102,0,N,0
Bacchus V,2010-04-07 19:42:05,-122.40074,37.78701,-89,0,N,0
Bacchus V,2010-04-07 19:43:11,-122.40071,37.78701,-164,0,N,0
Bacchus V,2010-04-07 19:44:17,-122.40089,37.78739,-420,0,N,0
Bacchus V,2010-04-07 19:45:23,-122.40092,37.78685,9,0,SE,0
Bacchus V,2010-04-07 19:46:28,-122.3996,37.78786,131,15,SE,0
Bacchus V,2010-04-07 19:47:35,-122.39657,37.78594,164,16,N,0
Bacchus V,2010-04-07 19:56:11,-122.3046,37.82521,-105,54,E,0
Bacchus V,2010-04-07 19:57:19,-122.29493,37.835,-76,59,NW,0
Bacchus V,2010-04-07 19:58:30,-122.29928,37.85151,-66,61,N,0
Bacchus V,2010-04-07 19:59:42,-122.30317,37.86684,-50,31,N,0
Bacchus V,2010-04-07 20:00:48,-122.29459,37.86856,-53,1,S,0
Bacchus V,2010-04-07 20:01:54,-122.28876,37.8694,-10,29,E,0
Bacchus V,2010-04-07 20:05:13,-122.273,37.87146,88,14,E,0
Bacchus V,2010-04-07 20:06:19,-122.26801,37.87205,104,0,N,0
Bacchus V,2010-04-07 20:07:28,-122.2661,37.87411,121,7,NE,0
Bacchus V,2010-04-07 20:08:35,-122.26411,37.87447,180,0,N,0
Bacchus V,2010-04-07 20:09:46,-122.26055,37.87717,308,14,N,0
Bacchus V,2010-04-07 20:10:55,-122.25933,37.87799,321,0,N,0
Bacchus V,2010-04-07 20:12:03,-122.25933,37.87794,334,0,N,0
Bacchus V,2010-04-07 20:13:10,-122.25944,37.87778,206,3,E,0
Bacchus V,2010-04-07 20:14:16,-122.25913,37.87775,252,0,N,0
Bacchus V,2010-04-07 20:15:23,-122.25918,37.87795,275,5,N,0
Bacchus V,2010-04-07 20:16:28,-122.25908,37.87734,449,0,N,0
Bacchus V,2010-04-07 20:17:35,-122.25913,37.87788,305,0,N,0
Bacchus V,2010-04-07 20:18:41,-122.25923,37.87769,357,0,N,0
Bacchus V,2010-04-07 20:19:45,-122.25927,37.87788,275,3,N,0
Bacchus V,2010-04-07 20:20:52,-122.25923,37.87766,268,0,N,0
Bacchus V,2010-04-07 20:21:58,-122.25892,37.8779,328,3,E,0
Bacchus V,2010-04-07 20:23:13,-122.25908,37.87785,314,0,N,0
Bacchus V,2010-04-07 20:24:22,-122.25899,37.87767,380,0,N,0
Bacchus V,2010-04-07 20:25:30,-122.25916,37.87765,449,0,N,0
Bacchus V,2010-04-07 20:26:36,-122.25923,37.87771,331,0,N,0
Bacchus V,2010-04-07 20:27:42,-122.25921,37.87783,318,2,S,0
Bacchus V,2010-04-07 20:28:51,-122.25923,37.87783,350,3,N,0
Bacchus V,2010-04-07 20:30:04,-122.25912,37.87755,305,0,N,0
Bacchus V,2010-04-07 20:31:10,-122.25913,37.87746,127,0,N,0
Bacchus V,2010-04-07 20:32:16,-122.25916,37.87766,314,0,N,0
Bacchus V,2010-04-07 20:33:22,-122.25913,37.8777,341,0,N,0
Bacchus V,2010-04-07 20:34:28,-122.25912,37.87767,383,0,N,0
Bacchus V,2010-04-07 20:35:33,-122.25908,37.87755,406,0,N,0
Bacchus V,2010-04-07 20:36:41,-122.2594,37.87769,95,0,N,0
Bacchus V,2010-04-07 20:37:48,-122.25923,37.87779,252,0,N,0
Bacchus V,2010-04-07 20:38:54,-122.25916,37.87778,328,0,N,0
Bacchus V,2010-04-07 20:40:00,-122.25918,37.87771,383,1,N,0
Bacchus V,2010-04-07 20:41:06,-122.25927,37.87778,245,0,N,0
Bacchus V,2010-04-07 20:42:13,-122.25913,37.8776,364,0,N,0
Bacchus V,2010-04-07 20:43:19,-122.25923,37.87779,259,0,N,0
Bacchus V,2010-04-07 20:44:25,-122.25916,37.8777,380,0,N,0
Bacchus V,2010-04-07 20:45:31,-122.25921,37.87774,298,1,SE,0
Bacchus V,2010-04-07 20:46:37,-122.25924,37.87777,324,0,N,0
Bacchus V,2010-04-07 20:47:43,-122.25921,37.87772,331,0,N,0
Bacchus V,2010-04-07 20:48:49,-122.25918,37.87778,328,0,N,0
Bacchus V,2010-04-07 20:49:56,-122.25923,37.87772,360,0,N,0
Bacchus V,2010-04-07 20:51:01,-122.25921,37.87777,331,0,N,0
Bacchus V,2010-04-07 20:52:06,-122.25921,37.8777,288,3,SW,0
Bacchus V,2010-04-07 20:53:13,-122.25916,37.87775,331,0,N,0
Bacchus V,2010-04-07 20:54:20,-122.25913,37.87762,373,0,N,0
Bacchus V,2010-04-07 20:55:25,-122.2591,37.87777,370,0,N,0
Bacchus V,2010-04-07 20:56:36,-122.25912,37.87772,331,0,N,0
Bacchus V,2010-04-07 20:57:43,-122.25913,37.87772,341,0,N,0
Bacchus V,2010-04-07 20:58:49,-122.25921,37.87768,328,0,N,0
Bacchus V,2010-04-07 20:59:55,-122.25916,37.87772,410,0,N,0
Bacchus V,2010-04-07 21:01:01,-122.25908,37.87766,380,0,N,0
Bacchus V,2010-04-07 21:02:15,-122.25923,37.87766,396,0,N,0
Bacchus V,2010-04-07 21:03:26,-122.2591,37.87768,357,0,N,0
Bacchus V,2010-04-07 21:04:32,-122.25899,37.87759,396,4,SE,0
Bacchus V,2010-04-07 21:05:37,-122.25916,37.87777,396,6,NW,0
Bacchus V,2010-04-07 21:06:44,-122.25913,37.87771,347,0,N,0
Bacchus V,2010-04-07 21:07:50,-122.25913,37.87775,311,2,E,0
Bacchus V,2010-04-07 21:08:55,-122.25924,37.87782,360,4,NW,0
Bacchus V,2010-04-07 21:10:02,-122.25913,37.87781,272,0,N,0
Bacchus V,2010-04-07 21:11:17,-122.25921,37.87764,331,0,N,0
Bacchus V,2010-04-07 21:12:25,-122.25918,37.87754,265,1,NW,0
Bacchus V,2010-04-07 21:13:30,-122.25916,37.87793,423,0,N,0
Bacchus V,2010-04-07 21:14:37,-122.25908,37.87768,341,0,N,0
Bacchus V,2010-04-07 21:15:43,-122.25906,37.87762,305,3,E,0
Bacchus V,2010-04-07 21:16:50,-122.25927,37.87777,314,0,N,0
Bacchus V,2010-04-07 21:17:55,-122.25916,37.87771,311,0,N,0
Bacchus V,2010-04-07 21:19:01,-122.25908,37.87767,341,3,NW,0
Bacchus V,2010-04-07 21:20:08,-122.2591,37.8776,341,3,SE,0
Bacchus V,2010-04-07 21:21:14,-122.25924,37.87778,321,1,NE,0
Bacchus V,2010-04-07 21:22:20,-122.25912,37.87767,311,0,N,0
Bacchus V,2010-04-07 21:23:27,-122.25918,37.8777,308,0,N,0
Bacchus V,2010-04-07 21:24:33,-122.25913,37.87762,341,0,N,0
Bacchus V,2010-04-07 21:25:37,-122.25918,37.87769,334,0,N,0
Bacchus V,2010-04-07 21:26:44,-122.25923,37.87779,354,0,NW,0
Bacchus V,2010-04-07 21:27:50,-122.25923,37.87769,301,0,N,0
Bacchus V,2010-04-07 21:28:56,-122.25924,37.87767,318,0,SW,0
Bacchus V,2010-04-07 21:30:03,-122.25912,37.87767,301,0,N,0
Bacchus V,2010-04-07 21:31:09,-122.25921,37.87767,298,0,N,0
Bacchus V,2010-04-07 21:32:15,-122.25913,37.87765,334,0,N,0
Bacchus V,2010-04-07 21:33:21,-122.25921,37.87778,308,0,N,0
Bacchus V,2010-04-07 21:34:28,-122.25918,37.87772,331,0,N,0
Bacchus V,2010-04-07 21:35:34,-122.25913,37.87769,305,0,N,0
Bacchus V,2010-04-07 21:36:41,-122.25924,37.87774,298,0,N,0
Bacchus V,2010-04-07 21:37:48,-122.25918,37.87775,350,0,N,0
Bacchus V,2010-04-07 21:38:56,-122.25923,37.87764,334,0,N,0
Bacchus V,2010-04-07 21:42:12,-122.25929,37.87744,268,0,N,0
Bacchus V,2010-04-07 21:43:24,-122.25918,37.87803,314,0,N,0
Bacchus V,2010-04-07 21:44:34,-122.25913,37.87783,298,0,N,0
Bacchus V,2010-04-07 21:46:43,-122.25955,37.8772,308,0,N,0
Bacchus V,2010-04-07 21:47:59,-122.25972,37.8772,245,0,N,0
Bacchus V,2010-04-07 21:49:16,-122.2591,37.87779,334,0,N,0
Bacchus V,2010-04-07 21:50:39,-122.25927,37.87714,491,0,N,0
Bacchus V,2010-04-07 21:51:50,-122.25923,37.87743,432,0,N,0
Bacchus V,2010-04-07 21:52:58,-122.25913,37.8779,298,0,N,0
Bacchus V,2010-04-07 21:54:04,-122.2591,37.87799,354,2,NW,0
Bacchus V,2010-04-07 21:55:11,-122.25929,37.87774,341,0,N,0
Bacchus V,2010-04-07 21:56:19,-122.25948,37.87743,285,0,N,0
Bacchus V,2010-04-07 21:57:24,-122.25921,37.87772,268,0,N,0
Bacchus V,2010-04-07 21:58:35,-122.25916,37.87781,242,0,N,0
Bacchus V,2010-04-07 21:59:41,-122.25913,37.87765,406,0,N,0
Bacchus V,2010-04-07 22:00:56,-122.2591,37.87764,360,0,N,0
Bacchus V,2010-04-07 22:02:03,-122.25923,37.87769,354,0,N,0
Bacchus V,2010-04-07 22:03:09,-122.25899,37.87775,249,0,N,0
Bacchus V,2010-04-07 22:04:14,-122.25918,37.87762,216,0,N,0
Bacchus V,2010-04-07 22:05:21,-122.25924,37.87758,331,0,N,0
Bacchus V,2010-04-07 22:06:27,-122.25916,37.87772,357,0,N,0
Bacchus V,2010-04-07 22:07:32,-122.25924,37.87755,377,5,SW,0
Bacchus V,2010-04-07 22:08:39,-122.25912,37.87767,285,0,N,0
Bacchus V,2010-04-07 22:09:44,-122.25918,37.87774,275,0,N,0
Bacchus V,2010-04-07 22:10:50,-122.25931,37.87756,341,9,SW,0
Bacchus V,2010-04-07 22:11:56,-122.25912,37.8778,301,0,N,0
Bacchus V,2010-04-07 22:13:02,-122.25916,37.87777,298,2,NE,0
Bacchus V,2010-04-07 22:14:09,-122.25921,37.87774,301,3,N,0
Bacchus V,2010-04-07 22:15:15,-122.25918,37.87772,295,1,NW,0
Bacchus V,2010-04-07 22:16:21,-122.25918,37.87769,239,0,N,0
Bacchus V,2010-04-07 22:17:27,-122.25929,37.87762,209,3,SW,0
Bacchus V,2010-04-07 22:18:33,-122.25921,37.8777,305,0,N,0
Bacchus V,2010-04-07 22:19:40,-122.25912,37.87769,341,0,N,0
Bacchus V,2010-04-07 22:20:46,-122.25933,37.87782,311,0,N,0
Bacchus V,2010-04-07 22:21:52,-122.25906,37.87768,416,0,N,0
Bacchus V,2010-04-07 22:22:58,-122.25923,37.87768,298,0,N,0
Bacchus V,2010-04-07 22:24:04,-122.25924,37.87777,278,3,SW,0
Bacchus V,2010-04-07 22:25:11,-122.25929,37.87771,305,0,N,0
Bacchus V,2010-04-07 22:26:16,-122.25918,37.87772,347,2,SE,0
Bacchus V,2010-04-07 22:27:25,-122.25921,37.87784,295,0,N,0
Bacchus V,2010-04-07 22:28:32,-122.25923,37.87783,354,0,N,0
Bacchus V,2010-04-07 22:29:51,-122.25931,37.87778,249,0,N,0
Bacchus V,2010-04-07 22:30:57,-122.25897,37.87771,406,0,N,0
Bacchus V,2010-04-07 22:32:15,-122.2591,37.87797,255,0,N,0
Bacchus V,2010-04-07 22:33:30,-122.25916,37.87778,278,1,E,0
Bacchus V,2010-04-07 22:34:35,-122.2591,37.8777,265,0,N,0
Bacchus V,2010-04-07 22:35:41,-122.25923,37.87773,383,2,NW,0
Bacchus V,2010-04-07 22:36:48,-122.25918,37.87764,347,0,N,0
Bacchus V,2010-04-07 22:37:54,-122.25927,37.87781,341,1,NW,0
Bacchus V,2010-04-07 22:40:02,-122.25938,37.87772,262,0,N,0
Bacchus V,2010-04-07 22:41:08,-122.25913,37.87774,357,0,N,0
Bacchus V,2010-04-07 22:42:13,-122.25912,37.87775,314,0,N,0
Bacchus V,2010-04-07 22:43:19,-122.25929,37.87779,308,1,W,0
Bacchus V,2010-04-07 22:44:25,-122.25923,37.87788,249,0,N,0
Bacchus V,2010-04-07 22:46:20,-122.25918,37.87793,252,0,N,1
Bacchus V,2010-04-07 22:47:21,-122.25923,37.87762,298,0,N,0
Bacchus V,2010-04-07 22:48:36,-122.25918,37.87768,298,0,N,0
Bacchus V,2010-04-07 22:49:47,-122.25921,37.87772,291,3,N,0
Bacchus V,2010-04-07 22:50:58,-122.2591,37.87785,305,0,N,0
Bacchus V,2010-04-07 22:52:03,-122.25921,37.87754,334,1,S,0
Bacchus V,2010-04-07 22:53:10,-122.25942,37.87764,219,2,W,0
Bacchus V,2010-04-07 22:54:15,-122.25913,37.87762,328,0,N,0
Bacchus V,2010-04-07 22:55:22,-122.25916,37.87774,285,0,N,0
Bacchus V,2010-04-07 22:56:28,-122.25913,37.87767,324,0,N,0
Bacchus V,2010-04-07 22:57:47,-122.25916,37.87778,278,0,N,0
Bacchus V,2010-04-07 22:59:01,-122.25902,37.87765,364,0,N,0
Bacchus V,2010-04-07 23:01:14,-122.25934,37.87758,236,0,N,0
Bacchus V,2010-04-07 23:02:27,-122.25889,37.87759,423,0,N,0
Bacchus V,2010-04-07 23:03:33,-122.2594,37.87771,265,0,N,0
Bacchus V,2010-04-07 23:04:39,-122.25916,37.8776,380,0,N,0
Bacchus V,2010-04-07 23:05:46,-122.25924,37.87769,301,0,N,0
Bacchus V,2010-04-07 23:06:51,-122.25913,37.87777,328,0,N,0
Bacchus V,2010-04-07 23:07:57,-122.25916,37.87767,360,0,N,0
Bacchus V,2010-04-07 23:09:03,-122.25916,37.87766,318,0,N,0
Bacchus V,2010-04-07 23:10:09,-122.25927,37.8777,265,1,S,0
Bacchus V,2010-04-07 23:11:21,-122.25918,37.87777,288,3,NE,0
Bacchus V,2010-04-07 23:12:27,-122.25918,37.87775,331,0,N,0
Bacchus V,2010-04-07 23:13:34,-122.25927,37.87771,282,0,N,0
Bacchus V,2010-04-07 23:14:40,-122.25916,37.8778,331,0,N,0
Bacchus V,2010-04-07 23:15:46,-122.25906,37.8776,334,0,N,0
Bacchus V,2010-04-07 23:16:53,-122.25918,37.8776,298,0,N,0
Bacchus V,2010-04-07 23:17:59,-122.2595,37.87757,331,3,W,0
Bacchus V,2010-04-07 23:19:23,-122.25953,37.87734,245,0,N,0
Bacchus V,2010-04-07 23:20:29,-122.2591,37.87789,350,0,N,0
Bacchus V,2010-04-07 23:21:37,-122.25929,37.8778,328,4,N,0
Bacchus V,2010-04-07 23:22:44,-122.25916,37.87785,311,4,N,0
Bacchus V,2010-04-07 23:23:50,-122.25913,37.87779,328,0,N,0
Bacchus V,2010-04-07 23:24:56,-122.25921,37.87769,311,3,E,0
Bacchus V,2010-04-07 23:26:02,-122.25923,37.87772,370,0,N,0
Bacchus V,2010-04-07 23:27:10,-122.25933,37.8778,354,0,N,0
Bacchus V,2010-04-07 23:28:16,-122.2594,37.87784,334,0,N,0
Bacchus V,2010-04-07 23:29:22,-122.2591,37.87784,282,3,N,0
Bacchus V,2010-04-07 23:30:27,-122.25918,37.87785,324,0,N,0
Bacchus V,2010-04-07 23:31:38,-122.25918,37.87773,291,0,N,0
Bacchus V,2010-04-07 23:32:44,-122.25918,37.8777,396,1,N,0
Bacchus V,2010-04-07 23:33:50,-122.25916,37.87774,354,0,N,0
Bacchus V,2010-04-07 23:34:56,-122.25924,37.87774,288,4,N,0
Bacchus V,2010-04-07 23:36:02,-122.25918,37.87775,278,0,N,0
Bacchus V,2010-04-07 23:37:08,-122.25916,37.87774,390,4,N,0
Bacchus V,2010-04-07 23:38:14,-122.25921,37.8778,305,4,N,0
Bacchus V,2010-04-07 23:39:20,-122.25916,37.87767,324,0,N,0
Bacchus V,2010-04-07 23:40:26,-122.25902,37.87773,324,4,NE,0
Bacchus V,2010-04-07 23:41:32,-122.25913,37.87777,337,3,N,0
Bacchus V,2010-04-07 23:42:37,-122.25931,37.87782,373,1,NW,0
Bacchus V,2010-04-07 23:43:44,-122.25921,37.87767,291,1,W,0
Bacchus V,2010-04-07 23:44:49,-122.25924,37.87782,344,0,N,0
Bacchus V,2010-04-07 23:46:01,-122.25929,37.87755,298,0,N,0
Bacchus V,2010-04-07 23:47:06,-122.25916,37.87775,232,0,N,0
Bacchus V,2010-04-07 23:48:12,-122.25918,37.87771,354,3,SW,0
Bacchus V,2010-04-07 23:49:18,-122.25929,37.8778,354,0,N,0
Bacchus V,2010-04-07 23:50:24,-122.25892,37.87744,141,0,N,0
Bacchus V,2010-04-07 23:51:33,-122.25918,37.87765,377,0,N,0
Bacchus V,2010-04-07 23:52:39,-122.25923,37.87794,373,0,N,0
Bacchus V,2010-04-07 23:53:45,-122.25921,37.87768,311,3,S,0
Bacchus V,2010-04-07 23:54:51,-122.25921,37.87783,364,2,NW,0
Bacchus V,2010-04-07 23:55:57,-122.25921,37.87773,341,0,N,0
Bacchus V,2010-04-07 23:57:03,-122.25924,37.87785,308,0,N,0
Bacchus V,2010-04-07 23:58:09,-122.25918,37.87773,324,0,N,0
